Time,Username,Total Calls,Alert Type
15:15:00,daksh,52,Threshold crossed
14:22:00,dipta,65,Threshold crossed
16:01:00,amaira,69,Threshold crossed
16:49:00,chatresh,55,Threshold crossed
13:40:00,palak,64,Threshold crossed
09:49:00,yug,58,Threshold crossed
10:25:00,chaaya,61,Threshold crossed
10:46:00,daksh,74,Threshold crossed
14:46:00,yashvi,59,Threshold crossed
14:42:00,amaira,123,Threshold crossed
11:43:00,hiral,64,Threshold crossed
11:00:00,benjamin,65,Threshold crossed
15:24:00,tanay,70,Threshold crossed
11:36:00,garima,73,Threshold crossed
12:47:00,yauvani,55,Threshold crossed
15:38:00,amaira,189,Threshold crossed
12:53:00,garima,142,Threshold crossed
15:48:00,pratyush,61,Threshold crossed
15:54:00,ekavir,56,Threshold crossed
10:14:00,ekavir,67,Threshold crossed
12:28:00,palak,114,Threshold crossed
16:51:00,aishani,69,Threshold crossed
09:37:00,finance,63,Threshold crossed
16:25:00,hiral,136,Threshold crossed
13:39:00,yauvani,59,Threshold crossed
